Name,Disaster,Begin Date,End Date,CPI-Adjusted Cost,Unadjusted Cost,Deaths,States,Engines
Southeast Winter Storm (January 2000),Winter Storm,20000121,20000124,1320.3,706.0,4,"AL,AR,CT,DE,FL,GA,KY,LA,MA,MD,ME,MS,NC,NH,NJ,NY,OK,PA,RI,SC,TN,TX,VA,VT,WV","1,10,11,12,13,14,15,16,17,18,2,3,4,7,8,9,National"
Southern Severe Weather (March 2000),Severe Storm,20000328,20000329,1269.6,690.0,0,"AL,AR,FL,GA,KY,LA,MS,NC,OK,SC,TN,TX,VA","1,12,13,14,15,16,17,18,2,4,7,9,National"
Western Fire Season (Spring-Summer 2000),Wildfire,20000301,20000831,1978.0,1075.0,0,"AK,AZ,CA,CO,HI,ID,MT,NM,NV,OR,UT,WA,WY","1,10,11,14,17,18,2,3,4,5,9,National"
South Florida Flooding (October 2000),Flooding,20001003,20001004,1629.0,900.0,3,"AL,AR,FL,GA,KY,LA,MS,NC,OK,SC,TN,TX,VA","1,12,13,14,15,16,17,18,2,4,7,9,National"
Western/Central/Southeast Drought/Heat Wave (Spring-Fall 2000),Drought,20000301,20001130,9344.8,4997.2,140,"AK,AL,AR,AZ,CA,CO,CT,DE,FL,GA,HI,IA,ID,IL,IN,KS,KY,LA,MA,MD,ME,MI,MN,MO,MS,MT,NC,ND,NE,NH,NJ,NM,NV,NY,OH,OK,OR,PA,RI,SC,SD,TN,TX,UT,VA,VT,WA,WI,WV,WY","1,10,11,12,13,14,15,16,17,18,2,3,4,5,6,7,8,9,National"
Midwest/Ohio Valley Hail and Tornadoes (April 2001),Severe Storm,20010406,20010411,5508.7,3094.8,3,"AK,AZ,CA,CO,HI,IA,ID,IL,IN,KS,KY,MI,MN,MO,MT,ND,NE,NM,NV,OH,OR,SD,TN,UT,WA,WI,WV,WY","1,10,11,13,14,15,16,17,18,2,3,4,5,6,7,8,9,National"
North Central Severe Weather (May 2001),Severe Storm,20010430,20010501,1194.3,671.0,0,"IA,IL,IN,KS,MI,MN,MO,ND,NE,OH,OK,SD,TX,WI","10,13,14,15,16,17,18,5,6,7,8,9,National"
Tropical Storm Allison (June 2001),Tropical Cyclone,20010605,20010617,15084.0,8522.0,43,"LA,TX","16,17,7,National"
Severe Storms and Tornadoes (April 2002),Severe Storm,20020427,20020428,3663.9,2093.8,7,NATIONAL,National
Hurricane Lili (October 2002),Tropical Cyclone,20020801,20020805,1932.9,1104.5,2,LA,"7,National"
Tropical Storm Isidore (September 2002),Tropical Cyclone,20020925,20020927,2001.0,1150.0,5,"AL,LA,MS","1,7,9,National"
Eastern Tornadoes and Severe Storms (November 2002),Severe Storm,20021109,20021111,1252.8,720.0,28,"CT,DE,FL,GA,MA,MD,ME,NC,NH,NJ,NY,PA,RI,SC,VA,VT,WV","10,11,12,13,14,15,17,18,3,4,7,8,National"
Western Fire Season (Fall 2002),Wildfire,20020901,20021130,2301.8,1322.8,21,"AK,AZ,CA,CO,HI,ID,MT,NM,NV,OR,UT,WA,WY","1,10,11,14,17,18,2,3,4,5,9,National"
U.S. Drought (Spring-Fall 2002),Drought,20020301,20021130,16031.6,9006.4,0,NATIONAL,National
Severe Storms/Hail (April 2003),Severe Storm,20030404,20030407,3451.0,2006.3,3,NATIONAL,National
Severe Storms/Tornadoes (May 2003),Severe Storm,20030503,20030510,7100.9,4128.4,51,NATIONAL,National
Midwest/Plains Severe Weather (July 2003),Severe Storm,20030704,20030709,1476.0,858.1,7,"AK,AZ,CA,CO,HI,IA,ID,IL,IN,KS,MI,MN,MO,MT,ND,NE,NM,NV,OH,OK,OR,SD,TX,UT,WA,WI,WY","1,10,11,13,14,15,16,17,18,2,3,4,5,6,7,8,9,National"
Southern Derecho and Eastern Severe Weather (July 2003),Severe Storm,20030721,20030723,1734.2,1008.2,7,"AL,AR,CT,DE,FL,GA,KY,LA,MA,MD,ME,MS,NC,NH,NJ,NY,OK,PA,RI,SC,TN,TX,VA,VT,WV","1,10,11,12,13,14,15,16,17,18,2,3,4,7,8,9,National"
Hurricane Isabel (September 2003),Tropical Cyclone,20030918,20030919,9322.9,5484.0,55,"DC,DE,MD,NC,NJ,NY,PA,VA,WV","10,11,12,13,14,15,17,18,3,4,7,National"
California Wildfires (Fall 2003),Wildfire,20030901,20031130,6613.7,3890.4,22,CA,"2,3,National"
Western/Central Drought/Heat Wave (Spring-Fall 2003),Drought,20030301,20031130,8731.1,5017.7,35,"AK,AZ,CA,CO,HI,IA,ID,IL,IN,KS,MI,MN,MO,MT,ND,NE,NM,NV,OH,OK,OR,SD,TX,UT,WA,WI,WY","1,10,11,13,14,15,16,17,18,2,3,4,5,6,7,8,9,National"
"Severe Storms, Hail, Tornadoes (May 2004)",Severe Storm,20040521,20040527,1693.3,1013.9,4,NATIONAL,National
Colorado Hail Storms (June 2004),Severe Storm,20040608,20040609,1153.7,695.0,0,CO,"3,National"
Hurricane Charley (August 2004),Tropical Cyclone,20040813,20040814,26559.2,15999.5,35,"FL,NC,SC","12,13,14,15,4,National"
Hurricane Frances (September 2004),Tropical Cyclone,20040903,20040909,16268.0,9800.0,48,"FL,GA,NC,SC","12,13,14,15,4,National"
Hurricane Ivan (September 2004),Tropical Cyclone,20040912,20040921,34031.0,20500.5,57,"AL,FL,GA,MS","1,4,9,National"
Hurricane Jeanne (September 2004),Tropical Cyclone,20040915,20040929,12444.5,7496.5,28,FL,"4,National"
Southeast Severe Weather (March 2005),Severe Storm,20050324,20050327,1410.0,865.0,0,"AL,AR,CT,DE,FL,GA,KY,LA,MA,MD,ME,MS,NC,NH,NJ,NY,OK,PA,RI,SC,TN,TX,VA,VT,WV","1,10,11,12,13,14,15,16,17,18,2,3,4,7,8,9,National"
Hurricane Dennis (July 2005),Tropical Cyclone,20050709,20050711,4017.0,2495.0,15,"AL,FL,MS","1,4,9,National"
Hurricane Katrina (August 2005),Tropical Cyclone,20050825,20050830,201297.5,125029.5,1833,"AL,FL,LA,MS","1,4,7,9,National"
Midwest Drought (Spring-Summer 2005),Drought,20050301,20050831,2433.6,1474.8,0,"AK,AZ,CA,CO,HI,IA,ID,IL,IN,KS,MI,MN,MO,MT,ND,NE,NM,NV,OH,OR,SD,UT,WA,WI,WY","1,10,11,13,14,15,17,18,2,3,4,5,6,7,8,9,National"
Hurricane Rita (September 2005),Tropical Cyclone,20050920,20050924,29415.2,18500.1,119,"LA,TX","16,17,7,National"
Hurricane Wilma (October 2005),Tropical Cyclone,20051024,20051024,30020.0,19000.0,35,FL,"4,National"
Severe Storms and Tornadoes (March 2006),Severe Storm,20060308,20060313,2113.3,1337.5,10,NATIONAL,National
"Midwest/Southeast Tornadoes (April 6-8, 2006)",Severe Storm,20060406,20060408,2518.2,1603.8,10,"AK,AL,AR,AZ,CA,CO,CT,DE,FL,GA,HI,IA,ID,IL,IN,KS,KY,LA,MA,MD,ME,MI,MN,MO,MS,MT,NC,ND,NE,NH,NJ,NM,NV,NY,OH,OK,OR,PA,RI,SC,SD,TN,TX,UT,VA,VT,WA,WI,WV,WY","1,10,11,12,13,14,15,16,17,18,2,3,4,5,6,7,8,9,National"
Midwest Tornadoes (April 2006),Severe Storm,20060413,20060416,3804.9,2423.5,27,"AK,AZ,CA,CO,HI,IA,ID,IL,IN,KS,MI,MN,MO,MT,ND,NE,NM,NV,OH,OR,SD,UT,WA,WI,WY","1,10,11,13,14,15,17,18,2,3,4,5,6,7,8,9,National"
Northeast Flooding (June 2006),Flooding,20060625,20060628,2358.5,1521.6,20,"CT,DE,FL,GA,MA,MD,ME,NC,NH,NJ,NY,PA,RI,SC,VA,VT,WV","10,11,12,13,14,15,17,18,3,4,7,8,National"
North Central Severe Weather and Tornadoes (August 2006),Severe Storm,20060823,20060824,1176.6,759.0,1,"IA,IL,IN,KS,MI,MN,MO,ND,NE,OH,OK,SD,TX,WI","10,13,14,15,16,17,18,5,6,7,8,9,National"
Midwest/Plains/Southeast Drought (Spring-Summer 2006),Drought,20060301,20060831,9536.7,5997.9,0,"AK,AL,AR,AZ,CA,CO,CT,DE,FL,GA,HI,IA,ID,IL,IN,KS,KY,LA,MA,MD,ME,MI,MN,MO,MS,MT,NC,ND,NE,NH,NJ,NM,NV,NY,OH,OK,OR,PA,RI,SC,SD,TN,TX,UT,VA,VT,WA,WI,WV,WY","1,10,11,12,13,14,15,16,17,18,2,3,4,5,6,7,8,9,National"
Central Severe Weather (October 2006),Severe Storm,20061002,20061005,1371.3,879.0,1,"IA,IL,IN,KS,MI,MN,MO,ND,NE,OH,OK,SD,TX,WI","10,13,14,15,16,17,18,5,6,7,8,9,National"
Numerous Wildfires (2006),Wildfire,20060101,20061231,2332.8,1467.1,28,NATIONAL,National
California Freeze (January 2007),Freeze,20070111,20070117,2184.0,1400.0,1,CA,"2,3,National"
Spring Freeze (April 2007),Freeze,20070404,20070410,3188.5,2044.0,0,NATIONAL,National
East/South Severe Weather and Flooding (April 2007),Severe Storm,20070413,20070417,3836.9,2507.8,9,"AL,AR,CT,DE,FL,GA,KY,LA,MA,MD,ME,MS,NC,NH,NJ,NY,OK,PA,RI,SC,TN,TX,VA,VT,WV","1,10,11,12,13,14,15,16,17,18,2,3,4,7,8,9,National"
Western Wildfires (Summer 2007),Wildfire,20070601,20070831,4139.4,2741.3,12,"AK,AZ,CA,CO,HI,ID,MT,NM,NV,OR,UT,WA,WY","1,10,11,14,17,18,2,3,4,5,9,National"
Western/Eastern Drought/Heat Wave (Summer-Fall 2007),Drought,20070601,20071130,5519.7,3538.3,15,"AK,AZ,CA,CO,CT,DE,FL,GA,HI,ID,MA,MD,ME,MT,NC,NH,NJ,NM,NV,NY,OR,PA,RI,SC,UT,VA,VT,WA,WV,WY","1,10,11,12,13,14,15,17,18,2,3,4,5,7,8,9,National"
"Western, Central and Northeast Severe Weather (January 2008)",Severe Storm,20080104,20080109,1463.3,982.0,12,"AK,AZ,CA,CO,CT,DE,FL,GA,HI,IA,ID,IL,IN,KS,MA,MD,ME,MI,MN,MO,MT,NC,ND,NE,NH,NJ,NM,NV,NY,OH,OK,OR,PA,RI,SC,SD,TX,UT,VA,VT,WA,WI,WV,WY","1,10,11,12,13,14,15,16,17,18,2,3,4,5,6,7,8,9,National"
Southeast Tornadoes and Severe Weather (February 2008),Severe Storm,20080205,20080206,1805.3,1211.6,57,"AL,AR,CT,DE,FL,GA,KY,LA,MA,MD,ME,MS,NC,NH,NJ,NY,OK,PA,RI,SC,TN,TX,VA,VT,WV","1,10,11,12,13,14,15,16,17,18,2,3,4,7,8,9,National"
Southeast Tornadoes (March 2008),Severe Storm,20080314,20080315,1673.9,1131.0,5,"AL,AR,CT,DE,FL,GA,KY,LA,MA,MD,ME,MS,NC,NH,NJ,NY,OK,PA,RI,SC,TN,TX,VA,VT,WV","1,10,11,12,13,14,15,16,17,18,2,3,4,7,8,9,National"
Southern Severe Weather (April 2008),Severe Storm,20080409,20080411,1528.3,1039.6,2,"AL,AR,FL,GA,KY,LA,MS,NC,OK,SC,TN,TX,VA","1,12,13,14,15,16,17,18,2,4,7,9,National"
Midwest Tornadoes and Severe Weather (May 2008),Severe Storm,20080522,20080527,4423.1,3029.5,13,"AK,AZ,CA,CO,HI,IA,ID,IL,IN,KS,MI,MN,MO,MT,ND,NE,NM,NV,OH,OR,SD,UT,WA,WI,WY","1,10,11,13,14,15,17,18,2,3,4,5,6,7,8,9,National"
Midwest/Mid-Atlantic Severe Weather (June 2008),Severe Storm,20080606,20080612,2355.7,1635.9,18,"AK,AZ,CA,CO,DC,DE,HI,IA,ID,IL,IN,KS,MD,MI,MN,MO,MT,ND,NE,NJ,NM,NV,NY,OH,OR,PA,SD,UT,VA,WA,WI,WV,WY","1,10,11,12,13,14,15,17,18,2,3,4,5,6,7,8,9,National"
Midwest Flooding (Summer 2008),Flooding,20080401,20080630,14838.0,9958.4,24,"AK,AZ,CA,CO,HI,IA,ID,IL,IN,KS,MI,MN,MO,MT,ND,NE,NM,NV,OH,OR,SD,UT,WA,WI,WY","1,10,11,13,14,15,17,18,2,3,4,5,6,7,8,9,National"
Hurricane Dolly (July 2008),Tropical Cyclone,20080723,20080725,1812.2,1267.3,3,TX,"16,17,National"
Hurricane Gustav (September 2008),Tropical Cyclone,20080831,20080903,8635.7,5997.0,53,LA,"7,National"
Hurricane Ike (September 2008),Tropical Cyclone,20080912,20080914,43198.4,29998.8,112,"LA,TX","16,17,7,National"
U.S. Wildfires (Fall 2008),Wildfire,20080901,20081130,1777.0,1234.0,16,NATIONAL,National
U.S. Drought (2008),Drought,20080101,20081231,10444.7,7009.8,0,NATIONAL,National
Southeast/Ohio Valley Severe Weather (February 2009),Severe Storm,20090210,20090211,2592.9,1740.2,10,"AL,AR,CT,DE,FL,GA,IL,IN,KY,LA,MA,MD,ME,MO,MS,NC,NH,NJ,NY,OH,OK,PA,RI,SC,TN,TX,VA,VT,WV","1,10,11,12,13,14,15,16,17,18,2,3,4,5,6,7,8,9,National"
Midwest/Southeast Tornadoes (March 2009),Severe Storm,20090325,20090328,2427.9,1640.5,0,"AK,AL,AR,AZ,CA,CO,CT,DE,FL,GA,HI,IA,ID,IL,IN,KS,KY,LA,MA,MD,ME,MI,MN,MO,MS,MT,NC,ND,NE,NH,NJ,NM,NV,NY,OH,OK,OR,PA,RI,SC,SD,TN,TX,UT,VA,VT,WA,WI,WV,WY","1,10,11,12,13,14,15,16,17,18,2,3,4,5,6,7,8,9,National"
South/Southeast Severe Weather and Tornadoes (April 2009),Severe Storm,20090409,20090410,2116.4,1430.1,6,"AL,AR,CT,DE,FL,GA,KY,LA,MA,MD,ME,MS,NC,NH,NJ,NY,OK,PA,RI,SC,TN,TX,VA,VT,WV","1,10,11,12,13,14,15,16,17,18,2,3,4,7,8,9,National"
Central Derecho and Tornadoes (May 2009),Severe Storm,20090507,20090509,1274.2,861.0,7,"IA,IL,IN,KS,MI,MN,MO,ND,NE,OH,OK,SD,TX,WI","10,13,14,15,16,17,18,5,6,7,8,9,National"
"Midwest, South and East Severe Weather (June 2009)",Severe Storm,20090609,20090612,1939.0,1328.1,0,"AK,AL,AR,AZ,CA,CO,CT,DE,FL,GA,HI,IA,ID,IL,IN,KS,KY,LA,MA,MD,ME,MI,MN,MO,MS,MT,NC,ND,NE,NH,NJ,NM,NV,NY,OH,OK,OR,PA,RI,SC,SD,TN,TX,UT,VA,VT,WA,WI,WV,WY","1,10,11,12,13,14,15,16,17,18,2,3,4,5,6,7,8,9,National"
Colorado Hail Storm (July 2009),Severe Storm,20090720,20090720,1470.0,1000.0,0,CO,"3,National"
Georgia Flooding (September 2009),Flooding,20090919,20090922,1311.8,898.5,10,GA,"4,National"
Western Wildfires (Summer-Fall 2009),Wildfire,20090601,20091130,1477.4,1011.9,10,"AK,AZ,CA,CO,HI,ID,MT,NM,NV,OR,UT,WA,WY","1,10,11,14,17,18,2,3,4,5,9,National"
Southwest/Great Plains Drought (2009),Drought,20090101,20091231,5203.2,3492.0,0,"AK,AL,AR,AZ,CA,CO,FL,GA,HI,ID,KS,KY,LA,MS,MT,NC,ND,NE,NM,NV,OK,OR,SC,SD,TN,TX,UT,VA,WA,WY","1,10,11,12,13,14,15,16,17,18,2,3,4,5,6,7,9,National"
Northeast Winter Storm (February 2010),Winter Storm,20100209,20100211,1192.8,817.0,3,"CT,DE,FL,GA,MA,MD,ME,NC,NH,NJ,NY,PA,RI,SC,VA,VT,WV","10,11,12,13,14,15,17,18,3,4,7,8,National"
Northeast Flooding (March 2010),Flooding,20100301,20100331,2692.6,1844.2,11,"CT,DE,FL,GA,MA,MD,ME,NC,NH,NJ,NY,PA,RI,SC,VA,VT,WV","10,11,12,13,14,15,17,18,3,4,7,8,National"
East/South Flooding and Severe Weather (May 2010),Flooding,20100430,20100502,3308.8,2266.3,32,"AL,AR,CT,DE,FL,GA,KY,LA,MA,MD,ME,MS,NC,NH,NJ,NY,OK,PA,RI,SC,TN,TX,VA,VT,WV","1,10,11,12,13,14,15,16,17,18,2,3,4,7,8,9,National"
"Oklahoma, Kansas, and Texas Tornadoes and Severe Weather (May 2010)",Severe Storm,20100510,20100512,4834.0,3333.8,3,TX,"16,17,National"
Rockies/Central/East Severe Weather (June 2010),Severe Storm,20100610,20100615,1306.7,901.0,2,"CO,CT,DE,FL,GA,IA,ID,IL,IN,KS,MA,MD,ME,MI,MN,MO,MT,NC,ND,NE,NH,NJ,NY,OH,OK,PA,RI,SC,SD,TX,UT,VA,VT,WI,WV,WY","10,11,12,13,14,15,16,17,18,3,4,5,6,7,8,9,National"
Midwest/Northeast Severe Storms and Flooding (July 2010),Severe Storm,20100720,20100723,1375.1,948.3,0,"AK,AZ,CA,CO,CT,DE,FL,GA,HI,IA,ID,IL,IN,KS,MA,MD,ME,MI,MN,MO,MT,NC,ND,NE,NH,NJ,NM,NV,NY,OH,OR,PA,RI,SC,SD,UT,VA,VT,WA,WI,WV,WY","1,10,11,12,13,14,15,17,18,2,3,4,5,6,7,8,9,National"
Arizona Severe Weather (October 2010),Severe Storm,20101005,20101006,5472.0,3800.0,0,AZ,"1,2,National"
Groundhog Day Blizzard (February 2011),Winter Storm,20110201,20110203,2565.7,1794.2,36,NATIONAL,National
Midwest/Southeast Tornadoes and Derecho (April 2011),Severe Storm,20110404,20110405,3885.3,2775.2,9,"AK,AL,AR,AZ,CA,CO,CT,DE,FL,GA,HI,IA,ID,IL,IN,KS,KY,LA,MA,MD,ME,MI,MN,MO,MS,MT,NC,ND,NE,NH,NJ,NM,NV,NY,OH,OK,OR,PA,RI,SC,SD,TN,TX,UT,VA,VT,WA,WI,WV,WY","1,10,11,12,13,14,15,16,17,18,2,3,4,5,6,7,8,9,National"
Southeast/Midwest Tornadoes (April 2011),Severe Storm,20110408,20110411,3051.0,2179.3,0,"AK,AL,AR,AZ,CA,CO,CT,DE,FL,GA,HI,IA,ID,IL,IN,KS,KY,LA,MA,MD,ME,MI,MN,MO,MS,MT,NC,ND,NE,NH,NJ,NM,NV,NY,OH,OK,OR,PA,RI,SC,SD,TN,TX,UT,VA,VT,WA,WI,WV,WY","1,10,11,12,13,14,15,16,17,18,2,3,4,5,6,7,8,9,National"
Midwest/Southeast Tornadoes (April 2011),Severe Storm,20110414,20110416,2882.9,2059.2,38,"AK,AL,AR,AZ,CA,CO,CT,DE,FL,GA,HI,IA,ID,IL,IN,KS,KY,LA,MA,MD,ME,MI,MN,MO,MS,MT,NC,ND,NE,NH,NJ,NM,NV,NY,OH,OK,OR,PA,RI,SC,SD,TN,TX,UT,VA,VT,WA,WI,WV,WY","1,10,11,12,13,14,15,16,17,18,2,3,4,5,6,7,8,9,National"
Ohio Valley Derecho and Southern Tornadoes (April 2011),Severe Storm,20110419,20110420,1452.8,1037.5,0,"AL,AR,FL,GA,IL,IN,KY,LA,MO,MS,NC,OH,OK,SC,TN,TX,VA,WV","1,12,13,14,15,16,17,18,2,4,5,6,7,9,National"
Southeast/Ohio Valley/Midwest Tornadoes (April 2011),Severe Storm,20110425,20110428,14310.7,10222.0,321,"AK,AL,AR,AZ,CA,CO,CT,DE,FL,GA,HI,IA,ID,IL,IN,KS,KY,LA,MA,MD,ME,MI,MN,MO,MS,MT,NC,ND,NE,NH,NJ,NM,NV,NY,OH,OK,OR,PA,RI,SC,SD,TN,TX,UT,VA,VT,WA,WI,WV,WY","1,10,11,12,13,14,15,16,17,18,2,3,4,5,6,7,8,9,National"
Midwest/Southeast Tornadoes (May 2011),Severe Storm,20110522,20110527,12735.6,9096.8,177,"AK,AL,AR,AZ,CA,CO,CT,DE,FL,GA,HI,IA,ID,IL,IN,KS,KY,LA,MA,MD,ME,MI,MN,MO,MS,MT,NC,ND,NE,NH,NJ,NM,NV,NY,OH,OK,OR,PA,RI,SC,SD,TN,TX,UT,VA,VT,WA,WI,WV,WY","1,10,11,12,13,14,15,16,17,18,2,3,4,5,6,7,8,9,National"
Mississippi River flooding (April-May 2011),Flooding,20110401,20110531,4270.1,2986.0,7,MS,"9,National"
Midwest/Southeast Tornadoes and Severe Weather (June 2011),Severe Storm,20110618,20110622,2152.3,1537.3,3,"AK,AL,AR,AZ,CA,CO,CT,DE,FL,GA,HI,IA,ID,IL,IN,KS,KY,LA,MA,MD,ME,MI,MN,MO,MS,MT,NC,ND,NE,NH,NJ,NM,NV,NY,OH,OK,OR,PA,RI,SC,SD,TN,TX,UT,VA,VT,WA,WI,WV,WY","1,10,11,12,13,14,15,16,17,18,2,3,4,5,6,7,8,9,National"
Missouri River flooding (May-June 2011),Flooding,20110501,20110630,2863.3,2002.3,5,MO,"9,National"
"North Central Severe Weather (July 1, 2011)",Severe Storm,20110701,20110701,1243.2,888.0,0,"IA,IL,IN,KS,MI,MN,MO,ND,NE,OH,OK,SD,TX,WI","10,13,14,15,16,17,18,5,6,7,8,9,National"
"Rockies and Midwest Derecho (July 10-11, 2011)",Severe Storm,20110710,20110711,1729.1,1235.0,2,"AK,AZ,CA,CO,HI,IA,ID,IL,IN,KS,MI,MN,MO,MT,ND,NE,NM,NV,OH,OR,SD,UT,WA,WI,WY","1,10,11,13,14,15,17,18,2,3,4,5,6,7,8,9,National"
"Midwest/Southeast Severe Weather (August 17-18, 2011)",Severe Storm,20110817,20110818,1600.4,1151.4,0,"AK,AL,AR,AZ,CA,CO,CT,DE,FL,GA,HI,IA,ID,IL,IN,KS,KY,LA,MA,MD,ME,MI,MN,MO,MS,MT,NC,ND,NE,NH,NJ,NM,NV,NY,OH,OK,OR,PA,RI,SC,SD,TN,TX,UT,VA,VT,WA,WI,WV,WY","1,10,11,12,13,14,15,16,17,18,2,3,4,5,6,7,8,9,National"
Hurricane Irene (August 2011),Tropical Cyclone,20110826,20110828,18756.7,13494.0,45,"CT,MA,MD,ME,NC,NH,NJ,NY,VA,VT","10,11,12,13,17,18,3,7,8,National"
Southern Plains/Southwest Drought and Heat Wave (Spring-Summer 2011),Drought,20110301,20110831,17109.5,11964.8,95,"AK,AL,AR,AZ,CA,CO,FL,GA,HI,ID,KS,KY,LA,MS,MT,NC,ND,NE,NM,NV,OK,OR,SC,SD,TN,TX,UT,VA,WA,WY","1,10,11,12,13,14,15,16,17,18,2,3,4,5,6,7,9,National"
Tropical Storm Lee (September 2011),Tropical Cyclone,20110901,20110905,3492.4,2512.5,21,"LA,NY,PA","11,12,14,15,3,7,National"
Northeastern Winter Storm (October 2011),Winter Storm,20111029,20111030,1285.8,925.0,1,"CT,DE,FL,GA,MA,MD,ME,NC,NH,NJ,NY,PA,RI,SC,VA,VT,WV","10,11,12,13,14,15,17,18,3,4,7,8,National"
"Texas, New Mexico, Arizona Wildfires (Summer-Fall 2011)",Wildfire,20110601,20111130,2549.1,1820.8,5,"AZ,NM,TX","1,11,16,17,2,National"
Southeast/Ohio Valley Tornadoes (March 2012),Severe Storm,20120302,20120303,4317.9,3128.8,42,"AL,AR,CT,DE,FL,GA,IL,IN,KY,LA,MA,MD,ME,MO,MS,NC,NH,NJ,NY,OH,OK,PA,RI,SC,TN,TX,VA,VT,WV","1,10,11,12,13,14,15,16,17,18,2,3,4,5,6,7,8,9,National"
Texas Tornadoes (April 2012),Severe Storm,20120402,20120403,1390.9,1015.3,0,TX,"16,17,National"
Midwest Tornadoes (April 2012),Severe Storm,20120413,20120414,1539.4,1123.6,6,"AK,AZ,CA,CO,HI,IA,ID,IL,IN,KS,MI,MN,MO,MT,ND,NE,NM,NV,OH,OR,SD,UT,WA,WI,WY","1,10,11,13,14,15,17,18,2,3,4,5,6,7,8,9,National"
Midwest/Ohio Valley Severe Weather (April-May 2012),Severe Storm,20120428,20120501,4488.6,3276.3,1,"AK,AZ,CA,CO,HI,IA,ID,IL,IN,KS,KY,MI,MN,MO,MT,ND,NE,NM,NV,OH,OR,SD,TN,UT,WA,WI,WV,WY","1,10,11,13,14,15,16,17,18,2,3,4,5,6,7,8,9,National"
Southern Plains/Midwest/Northeast Severe Weather (May 2012),Severe Storm,20120525,20120530,3156.1,2303.7,1,"AK,AL,AR,AZ,CA,CO,CT,DE,FL,GA,HI,IA,ID,IL,IN,KS,KY,LA,MA,MD,ME,MI,MN,MO,MS,MT,NC,ND,NE,NH,NJ,NM,NV,NY,OH,OK,OR,PA,RI,SC,SD,TN,TX,UT,VA,VT,WA,WI,WV,WY","1,10,11,12,13,14,15,16,17,18,2,3,4,5,6,7,8,9,National"
Rockies/Southwest Severe Weather (June 2012),Severe Storm,20120606,20120612,3559.0,2597.8,0,"AK,AL,AR,AZ,CA,CO,FL,GA,HI,ID,KY,LA,MS,MT,NC,NM,NV,OK,OR,SC,TN,TX,UT,VA,WA,WY","1,10,11,12,13,14,15,16,17,18,2,3,4,5,7,9,National"
Plains/East/Northeast Derecho (June-July 2012),Severe Storm,20120629,20120702,3957.0,2888.4,28,"CO,CT,DE,FL,GA,KS,MA,MD,ME,MT,NC,ND,NE,NH,NJ,NY,OK,PA,RI,SC,SD,TX,VA,VT,WV,WY","10,11,12,13,14,15,16,17,18,3,4,6,7,8,9,National"
Hurricane Isaac (August 2012),Tropical Cyclone,20120826,20120831,3786.1,2763.5,9,"LA,MS","7,9,National"
Hurricane Sandy (October 2012),Tropical Cyclone,20121030,20121031,88453.9,65039.6,159,"CT,DE,MA,MD,NH,NJ,NY,OH,PA,RI,VA,WV","10,11,12,13,14,15,17,18,3,5,7,8,National"
Western Wildfires (Summer-Fall 2012),Wildfire,20120601,20121130,2381.7,1738.5,8,"AK,AZ,CA,CO,HI,ID,MT,NM,NV,OR,UT,WA,WY","1,10,11,14,17,18,2,3,4,5,9,National"
U.S. Drought/Heat Wave (2012),Drought,20120101,20121231,41705.2,30003.6,123,NATIONAL,National
Southern Severe Weather (February 2013),Severe Storm,20130224,20130225,1253.9,922.0,1,"AL,AR,FL,GA,KY,LA,MS,NC,OK,SC,TN,TX,VA","1,12,13,14,15,16,17,18,2,4,7,9,National"
Southeast Severe Weather (March 2013),Severe Storm,20130318,20130318,2747.2,2020.0,1,"AL,AR,CT,DE,FL,GA,KY,LA,MA,MD,ME,MS,NC,NH,NJ,NY,OK,PA,RI,SC,TN,TX,VA,VT,WV","1,10,11,12,13,14,15,16,17,18,2,3,4,7,8,9,National"
Midwest/Plains Severe Weather (April 2013),Severe Storm,20130407,20130411,1963.8,1444.0,1,"AK,AZ,CA,CO,HI,IA,ID,IL,IN,KS,MI,MN,MO,MT,ND,NE,NM,NV,OH,OK,OR,SD,TX,UT,WA,WI,WY","1,10,11,13,14,15,16,17,18,2,3,4,5,6,7,8,9,National"
Illinois Flooding and Severe Weather (April 2013),Flooding,20130416,20130419,1464.7,1077.0,4,IL,"5,National"
Midwest/Plains/East Tornadoes (May 2013),Severe Storm,20130518,20130522,3240.5,2400.3,27,"AK,AZ,CA,CO,CT,DE,FL,GA,HI,IA,ID,IL,IN,KS,MA,MD,ME,MI,MN,MO,MT,NC,ND,NE,NH,NJ,NM,NV,NY,OH,OK,OR,PA,RI,SC,SD,TX,UT,VA,VT,WA,WI,WV,WY","1,10,11,12,13,14,15,16,17,18,2,3,4,5,6,7,8,9,National"
Midwest/Plains/Northeast Tornadoes (May 2013),Severe Storm,20130527,20130531,2448.4,1813.5,10,"AK,AZ,CA,CO,CT,DE,FL,GA,HI,IA,ID,IL,IN,KS,MA,MD,ME,MI,MN,MO,MT,NC,ND,NE,NH,NJ,NM,NV,NY,OH,OK,OR,PA,RI,SC,SD,TX,UT,VA,VT,WA,WI,WV,WY","1,10,11,12,13,14,15,16,17,18,2,3,4,5,6,7,8,9,National"
Midwest Severe Weather (August 2013),Severe Storm,20130806,20130807,1406.7,1041.9,0,"AK,AZ,CA,CO,HI,IA,ID,IL,IN,KS,MI,MN,MO,MT,ND,NE,NM,NV,OH,OR,SD,UT,WA,WI,WY","1,10,11,13,14,15,17,18,2,3,4,5,6,7,8,9,National"
Colorado Flooding (September 2013),Flooding,20130910,20130916,2036.5,1508.5,9,CO,"3,National"
Ohio Valley Tornadoes (November 2013),Severe Storm,20131117,20131117,1472.2,1090.6,8,"IL,IN,KY,MO,OH,TN,WV","13,14,15,16,18,5,6,7,9,National"
Western/Plains Drought/Heat Wave (Spring-Fall 2013),Drought,20130301,20131130,14283.6,10425.9,53,"AK,AZ,CA,CO,HI,ID,KS,MT,ND,NE,NM,NV,OK,OR,SD,TX,UT,WA,WY","1,10,11,13,14,15,16,17,18,2,3,4,5,6,7,9,National"
Midwest/Southeast/Northeast Winter Storm (January 2014),Winter Storm,20140105,20140108,2933.4,2172.7,16,"AK,AL,AR,AZ,CA,CO,CT,DE,FL,GA,HI,IA,ID,IL,IN,KS,KY,LA,MA,MD,ME,MI,MN,MO,MS,MT,NC,ND,NE,NH,NJ,NM,NV,NY,OH,OK,OR,PA,RI,SC,SD,TN,TX,UT,VA,VT,WA,WI,WV,WY","1,10,11,12,13,14,15,16,17,18,2,3,4,5,6,7,8,9,National"
Plains Severe Weather (April 2014),Severe Storm,20140402,20140403,1908.1,1424.0,0,"CO,KS,MT,ND,NE,OK,SD,TX,WY","10,13,14,15,16,17,18,3,6,7,9,National"
Central Severe Weather (April 2014),Severe Storm,20140412,20140413,1221.1,918.0,0,"IA,IL,IN,KS,MI,MN,MO,ND,NE,OH,OK,SD,TX,WI","10,13,14,15,16,17,18,5,6,7,8,9,National"
Midwest/Southeast/Northeast Tornadoes and Flooding (April 2014),Severe Storm,20140427,20140501,2309.2,1736.1,33,"AK,AL,AR,AZ,CA,CO,CT,DE,FL,GA,HI,IA,ID,IL,IN,KS,KY,LA,MA,MD,ME,MI,MN,MO,MS,MT,NC,ND,NE,NH,NJ,NM,NV,NY,OH,OK,OR,PA,RI,SC,SD,TN,TX,UT,VA,VT,WA,WI,WV,WY","1,10,11,12,13,14,15,16,17,18,2,3,4,5,6,7,8,9,National"
Center Severe Weather (May 2014),Severe Storm,20140510,20140514,1134.5,853.0,0,"IA,IL,IN,KS,MI,MN,MO,ND,NE,OH,OK,SD,TX,WI","10,13,14,15,16,17,18,5,6,7,8,9,National"
Rockies/Midwest/Eastern Severe Weather (May 2014),Severe Storm,20140518,20140523,4938.6,3713.2,0,"AK,AZ,CA,CO,CT,DE,FL,GA,HI,IA,ID,IL,IN,KS,MA,MD,ME,MI,MN,MO,MT,NC,ND,NE,NH,NJ,NM,NV,NY,OH,OR,PA,RI,SC,SD,UT,VA,VT,WA,WI,WV,WY","1,10,11,12,13,14,15,17,18,2,3,4,5,6,7,8,9,National"
Rockies/Central Plains Severe Weather (June 2014),Severe Storm,20140603,20140605,2533.4,1919.2,2,"CO,IA,ID,IL,IN,KS,MI,MN,MO,MT,ND,NE,OH,OK,SD,TX,UT,WI,WY","10,13,14,15,16,17,18,3,4,5,6,7,8,9,National"
Michigan and Northeast Flooding (August 2014),Flooding,20140811,20140813,1361.9,1031.7,2,"CT,DE,FL,GA,MA,MD,ME,NC,NH,NJ,NY,PA,RI,SC,VA,VT,WV","10,11,12,13,14,15,17,18,3,4,7,8,National"
Rockies/Plains Severe Weather (September 2014),Severe Storm,20140929,20141002,1862.6,1400.4,0,"CO,ID,KS,MT,ND,NE,OK,SD,TX,UT,WY","10,13,14,15,16,17,18,3,4,5,6,7,9,National"
Western Drought (2014),Drought,20140101,20141231,5334.8,3951.7,0,"AK,AZ,CA,CO,HI,ID,MT,NM,NV,OR,UT,WA,WY","1,10,11,14,17,18,2,3,4,5,9,National"
"Central and Eastern Winter storm, Cold Wave (February 2015)",Winter Storm,20150214,20150220,3969.3,2962.1,30,"CT,DE,FL,GA,IA,IL,IN,KS,MA,MD,ME,MI,MN,MO,NC,ND,NE,NH,NJ,NY,OH,OK,PA,RI,SC,SD,TX,VA,VT,WI,WV","10,11,12,13,14,15,16,17,18,3,4,5,6,7,8,9,National"
Midwest/Ohio Valley Severe Weather (April 2015),Severe Storm,20150407,20150409,2069.0,1555.6,2,"AK,AZ,CA,CO,HI,IA,ID,IL,IN,KS,KY,MI,MN,MO,MT,ND,NE,NM,NV,OH,OR,SD,TN,UT,WA,WI,WV,WY","1,10,11,13,14,15,16,17,18,2,3,4,5,6,7,8,9,National"
South/Southeast Severe Weather (April 2015),Severe Storm,20150418,20150420,1707.6,1283.9,0,"AL,AR,CT,DE,FL,GA,KY,LA,MA,MD,ME,MS,NC,NH,NJ,NY,OK,PA,RI,SC,TN,TX,VA,VT,WV","1,10,11,12,13,14,15,16,17,18,2,3,4,7,8,9,National"
South and Southeast Severe Weather (April 2015),Severe Storm,20150424,20150425,1255.8,944.0,3,"AL,AR,CT,DE,FL,GA,KY,LA,MA,MD,ME,MS,NC,NH,NJ,NY,OK,PA,RI,SC,TN,TX,VA,VT,WV","1,10,11,12,13,14,15,16,17,18,2,3,4,7,8,9,National"
Southern Plains Tornadoes (May 2015),Severe Storm,20150506,20150510,1691.9,1272.1,4,"AL,AR,CO,FL,GA,KS,KY,LA,MS,MT,NC,ND,NE,OK,SC,SD,TN,TX,VA,WY","1,10,12,13,14,15,16,17,18,2,3,4,6,7,9,National"
Texas and Oklahoma Flooding and Severe Weather (May 2015),Flooding,20150523,20150526,3375.6,2500.4,31,TX,"16,17,National"
Central and Northeast Severe Weather (June 2015),Severe Storm,20150621,20150625,1547.1,1172.0,1,"CT,DE,FL,GA,IA,IL,IN,KS,MA,MD,ME,MI,MN,MO,NC,ND,NE,NH,NJ,NY,OH,OK,PA,RI,SC,SD,TX,VA,VT,WI,WV","10,11,12,13,14,15,16,17,18,3,4,5,6,7,8,9,National"
South Carolina and East Coast Flooding (October 2015),Flooding,20151001,20151005,2657.6,1998.2,25,"AL,AR,CT,DE,FL,GA,KY,LA,MA,MD,ME,MS,NC,NH,NJ,NY,OK,PA,RI,SC,TN,TX,VA,VT,WV","1,10,11,12,13,14,15,16,17,18,2,3,4,7,8,9,National"
Western and Alaskan Wildfires (Summer-Fall 2015),Wildfire,20150601,20151130,3996.9,3028.0,12,"AK,AZ,CA,CO,HI,ID,MT,NM,NV,OR,UT,WA,WY","1,10,11,14,17,18,2,3,4,5,9,National"
Texas Tornadoes and Midwest Flooding (December 2015),Severe Storm,20151226,20151229,2609.3,1961.9,50,"AK,AZ,CA,CO,HI,IA,ID,IL,IN,KS,MI,MN,MO,MT,ND,NE,NM,NV,OH,OR,SD,TX,UT,WA,WI,WY","1,10,11,13,14,15,16,17,18,2,3,4,5,6,7,8,9,National"
Western Drought (2015),Drought,20150101,20151231,6029.3,4466.0,0,"AK,AZ,CA,CO,HI,ID,MT,NM,NV,OR,UT,WA,WY","1,10,11,14,17,18,2,3,4,5,9,National"
Southeast and Eastern Tornadoes (February 2016),Severe Storm,20160222,20160224,1383.5,1040.0,10,"AL,AR,CT,DE,FL,GA,KY,LA,MA,MD,ME,MS,NC,NH,NJ,NY,OK,PA,RI,SC,TN,TX,VA,VT,WV","1,10,11,12,13,14,15,16,17,18,2,3,4,7,8,9,National"
Texas and Louisiana Flooding (March 2016),Flooding,20160308,20160312,3052.1,2294.8,5,"LA,TX","16,17,7,National"
Southern Severe Weather (March 2016),Severe Storm,20160317,20160318,1597.6,1210.3,1,"AL,AR,FL,GA,KY,LA,MS,NC,OK,SC,TN,TX,VA","1,12,13,14,15,16,17,18,2,4,7,9,National"
North Texas Hail Storm (March 2016),Severe Storm,20160323,20160324,2725.5,2064.8,0,TX,"16,17,National"
North/Central Texas Hail Storm (April 2016),Severe Storm,20160410,20160412,4618.1,3498.6,0,"IA,IL,IN,KS,MI,MN,MO,ND,NE,OH,OK,SD,TX,WI","10,13,14,15,16,17,18,5,6,7,8,9,National"
Houston Flooding (April 2016),Flooding,20160417,20160418,3559.1,2676.0,8,TX,"16,17,National"
South/Southeast Tornadoes (April 2016),Severe Storm,20160426,20160502,3160.8,2394.5,6,"AL,AR,CT,DE,FL,GA,KY,LA,MA,MD,ME,MS,NC,NH,NJ,NY,OK,PA,RI,SC,TN,TX,VA,VT,WV","1,10,11,12,13,14,15,16,17,18,2,3,4,7,8,9,National"
Plains Tornadoes and Central Severe Weather (May 2016),Severe Storm,20160508,20160511,2252.9,1719.6,2,"CO,IA,IL,IN,KS,MI,MN,MO,MT,ND,NE,OH,OK,SD,TX,WI,WY","10,13,14,15,16,17,18,3,5,6,7,8,9,National"
Rockies/Central Tornadoes and Severe Weather (May 2016),Severe Storm,20160521,20160526,1501.5,1146.3,0,"CO,IA,ID,IL,IN,KS,MI,MN,MO,MT,ND,NE,OH,OK,SD,TX,UT,WI,WY","10,13,14,15,16,17,18,3,4,5,6,7,8,9,National"
West Virginia Flooding and Ohio Valley Tornadoes (June 2016),Flooding,20160622,20160624,1288.5,968.8,23,"AK,AZ,CA,CO,HI,ID,IL,IN,KY,MO,MT,NM,NV,OH,OR,TN,UT,WA,WV,WY","1,10,11,13,14,15,16,17,18,2,3,4,5,6,7,9,National"
Rockies and Northeast Severe Weather (July 2016),Severe Storm,20160728,20160730,1920.0,1465.6,0,"CO,CT,DE,FL,GA,ID,MA,MD,ME,MT,NC,NH,NJ,NY,PA,RI,SC,UT,VA,VT,WV,WY","10,11,12,13,14,15,17,18,3,4,5,7,8,9,National"
Louisiana Flooding (August 2016),Flooding,20160812,20160815,13300.0,10000.0,13,LA,"7,National"
Hurricane Matthew (October 2016),Tropical Cyclone,20161008,20161012,13100.0,10000.0,49,"FL,GA,NC,SC","12,13,14,15,4,National"
Western/Southeast Wildfires (Summer-Fall 2016),Wildfire,20160601,20161231,3137.5,2395.0,21,"AK,AL,AR,AZ,CA,CO,CT,DE,FL,GA,HI,ID,KY,LA,MA,MD,ME,MS,MT,NC,NH,NJ,NM,NV,NY,OK,OR,PA,RI,SC,TN,TX,UT,VA,VT,WA,WV,WY","1,10,11,12,13,14,15,16,17,18,2,3,4,5,7,8,9,National"
West/Northeast/Southeast Drought (2016),Drought,20160101,20161231,4580.0,3443.5,0,"AK,AL,AR,AZ,CA,CO,CT,DE,FL,GA,HI,ID,KY,LA,MA,MD,ME,MS,MT,NC,NH,NJ,NM,NV,NY,OK,OR,PA,RI,SC,TN,TX,UT,VA,VT,WA,WV,WY","1,10,11,12,13,14,15,16,17,18,2,3,4,5,7,8,9,National"
Southern Tornado Outbreak and Western Storms (January 2017),Severe Storm,20170120,20170122,1436.5,1105.0,24,"AK,AL,AR,AZ,CA,CO,FL,GA,HI,ID,KY,LA,MS,MT,NC,NM,NV,OK,OR,SC,TN,TX,UT,VA,WA,WY","1,10,11,12,13,14,15,16,17,18,2,3,4,5,7,9,National"
California Flooding (February 2017),Flooding,20170208,20170222,1950.0,1500.0,5,CA,"2,3,National"
Central/Southeast Tornado Outbreak (March 2017),Severe Storm,20170228,20170301,2347.8,1806.0,6,"AL,AR,CT,DE,FL,GA,IA,IL,IN,KS,KY,LA,MA,MD,ME,MI,MN,MO,MS,NC,ND,NE,NH,NJ,NY,OH,OK,PA,RI,SC,SD,TN,TX,VA,VT,WI,WV","1,10,11,12,13,14,15,16,17,18,2,3,4,5,6,7,8,9,National"
Midwest Tornado Outbreak (March 2017),Severe Storm,20170306,20170308,2828.8,2176.0,2,"AK,AZ,CA,CO,HI,IA,ID,IL,IN,KS,MI,MN,MO,MT,ND,NE,NM,NV,OH,OR,SD,UT,WA,WI,WY","1,10,11,13,14,15,17,18,2,3,4,5,6,7,8,9,National"
Southeast Freeze (March 2017),Freeze,20170314,20170316,1300.0,1000.0,0,"AL,AR,CT,DE,FL,GA,KY,LA,MA,MD,ME,MS,NC,NH,NJ,NY,OK,PA,RI,SC,TN,TX,VA,VT,WV","1,10,11,12,13,14,15,16,17,18,2,3,4,7,8,9,National"
South/Southeast Severe Weather (March 2017),Severe Storm,20170326,20170328,3476.6,2695.0,0,"AL,AR,CT,DE,FL,GA,KY,LA,MA,MD,ME,MS,NC,NH,NJ,NY,OK,PA,RI,SC,TN,TX,VA,VT,WV","1,10,11,12,13,14,15,16,17,18,2,3,4,7,8,9,National"
Southeast Severe Weather and Tornadoes (April 2017),Severe Storm,20170404,20170406,1259.2,976.0,1,"AL,AR,CT,DE,FL,GA,KY,LA,MA,MD,ME,MS,NC,NH,NJ,NY,OK,PA,RI,SC,TN,TX,VA,VT,WV","1,10,11,12,13,14,15,16,17,18,2,3,4,7,8,9,National"
South and Southeast Severe Weather (April 2017),Severe Storm,20170420,20170422,1152.0,893.0,0,"AL,AR,CT,DE,FL,GA,KY,LA,MA,MD,ME,MS,NC,NH,NJ,NY,OK,PA,RI,SC,TN,TX,VA,VT,WV","1,10,11,12,13,14,15,16,17,18,2,3,4,7,8,9,National"
Missouri and Arkansas Flooding and Central Severe Weather (May 2017),Flooding,20170425,20170507,2156.7,1659.0,20,"AR,IA,IL,IN,KS,MI,MN,MO,ND,NE,OH,OK,SD,TX,WI","10,13,14,15,16,17,18,2,5,6,7,8,9,National"
Colorado Hail Storm and Central Severe Weather (May 2017),Severe Storm,20170508,20170511,4321.5,3350.0,0,"CO,IA,IL,IN,KS,MI,MN,MO,ND,NE,OH,OK,SD,TX,WI","10,13,14,15,16,17,18,3,5,6,7,8,9,National"
North Central Severe Weather and Tornadoes (May 2017),Severe Storm,20170515,20170518,1214.1,941.0,1,"IA,IL,IN,KS,MI,MN,MO,ND,NE,OH,OK,SD,TX,WI","10,13,14,15,16,17,18,5,6,7,8,9,National"
Minnesota Hail Storm and Upper Midwest Severe Weather (June 2017),Severe Storm,20170609,20170611,3031.5,2350.0,0,"AK,AZ,CA,CO,HI,IA,ID,IL,IN,KS,MI,MN,MO,MT,ND,NE,NM,NV,OH,OR,SD,UT,WA,WI,WY","1,10,11,13,14,15,17,18,2,3,4,5,6,7,8,9,National"
Midwest Severe Weather (June 2017),Severe Storm,20170612,20170616,1946.7,1509.0,0,"AK,AZ,CA,CO,HI,IA,ID,IL,IN,KS,MI,MN,MO,MT,ND,NE,NM,NV,OH,OR,SD,UT,WA,WI,WY","1,10,11,13,14,15,17,18,2,3,4,5,6,7,8,9,National"
Midwest Severe Weather (June 2017),Severe Storm,20170627,20170629,1838.3,1425.0,0,"AK,AZ,CA,CO,HI,IA,ID,IL,IN,KS,MI,MN,MO,MT,ND,NE,NM,NV,OH,OR,SD,UT,WA,WI,WY","1,10,11,13,14,15,17,18,2,3,4,5,6,7,8,9,National"
Hurricane Harvey (August 2017),Tropical Cyclone,20170825,20170831,160000.0,125000.0,89,"LA,TX","16,17,7,National"
Hurricane Irma (September 2017),Tropical Cyclone,20170906,20170912,64000.0,50000.0,97,"FL,GA,SC","14,15,4,National"
Hurricane Maria (September 2017),Tropical Cyclone,20170919,20170921,115200.0,90000.0,2981,PR,"15,National"
"Western Wildfires, California Firestorm (Summer-Fall 2017)",Wildfire,20170601,20171231,23226.5,18005.0,54,"AK,AZ,CA,CO,HI,ID,MT,NM,NV,OR,UT,WA,WY","1,10,11,14,17,18,2,3,4,5,9,National"
"North Dakota, South Dakota and Montana Drought (Spring-Fall 2017)",Drought,20170301,20171231,3250.0,2500.0,0,"AL,AR,FL,GA,KY,LA,MS,NC,OK,SC,TN,TX,VA","1,12,13,14,15,16,17,18,2,4,7,9,National"
Central and Eastern Winter Storm (January 2018),Winter Storm,20180103,20180105,1324.6,1043.0,22,"CT,DE,FL,GA,IA,IL,IN,KS,MA,MD,ME,MI,MN,MO,NC,ND,NE,NH,NJ,NY,OH,OK,PA,RI,SC,SD,TX,VA,VT,WI,WV","10,11,12,13,14,15,16,17,18,3,4,5,6,7,8,9,National"
Northeast Winter Storm (March 2018),Winter Storm,20180301,20180303,2786.4,2194.0,9,"CT,DE,FL,GA,MA,MD,ME,NC,NH,NJ,NY,PA,RI,SC,VA,VT,WV","10,11,12,13,14,15,17,18,3,4,7,8,National"
Southeastern Tornadoes and Severe Weather (March 2018),Severe Storm,20180318,20180321,1844.1,1452.0,0,"AL,AR,CT,DE,FL,GA,KY,LA,MA,MD,ME,MS,NC,NH,NJ,NY,OK,PA,RI,SC,TN,TX,VA,VT,WV","1,10,11,12,13,14,15,16,17,18,2,3,4,7,8,9,National"
Southern and Eastern Tornadoes and Severe Weather (April 2018),Severe Storm,20180413,20180416,1660.7,1318.0,3,"AL,AR,CT,DE,FL,GA,KY,LA,MA,MD,ME,MS,NC,NH,NJ,NY,OK,PA,RI,SC,TN,TX,VA,VT,WV","1,10,11,12,13,14,15,16,17,18,2,3,4,7,8,9,National"
Central and Northeast Severe Weather (May 2018),Severe Storm,20180501,20180504,1751.3,1390.0,0,"CT,DE,FL,GA,IA,IL,IN,KS,MA,MD,ME,MI,MN,MO,NC,ND,NE,NH,NJ,NY,OH,OK,PA,RI,SC,SD,TX,VA,VT,WI,WV","10,11,12,13,14,15,16,17,18,3,4,5,6,7,8,9,National"
Central and Eastern Severe Weather (May 2018),Severe Storm,20180513,20180515,1726.2,1370.0,5,"CT,DE,FL,GA,IA,IL,IN,KS,MA,MD,ME,MI,MN,MO,NC,ND,NE,NH,NJ,NY,OH,OK,PA,RI,SC,SD,TX,VA,VT,WI,WV","10,11,12,13,14,15,16,17,18,3,4,5,6,7,8,9,National"
Texas Hail Storm (June 2018),Severe Storm,20180606,20180606,1625.0,1300.0,0,TX,"16,17,National"
Colorado Hail Storm (June 2018),Severe Storm,20180613,20180613,1193.8,955.0,0,CO,"3,National"
Colorado Hail Storm (June 2018),Severe Storm,20180618,20180619,2778.8,2223.0,0,CO,"3,National"
Central and Eastern Tornadoes and Severe Weather (July 2018),Severe Storm,20180719,20180722,1981.6,1585.0,0,"CT,DE,FL,GA,IA,IL,IN,KS,MA,MD,ME,MI,MN,MO,NC,ND,NE,NH,NJ,NY,OH,OK,PA,RI,SC,SD,TX,VA,VT,WI,WV","10,11,12,13,14,15,16,17,18,3,4,5,6,7,8,9,National"
Mountain West Severe Weather (July 2018),Severe Storm,20180726,20180729,1063.8,851.0,0,"AK,AZ,CA,CO,HI,ID,MT,NM,NV,OR,UT,WA,WY","1,10,11,14,17,18,2,3,4,5,9,National"
Rockies and Plains Hail Storms (August 2018),Severe Storm,20180806,20180807,1281.4,1025.0,0,"CO,ID,KS,MT,ND,NE,OK,SD,TX,UT,WY","10,13,14,15,16,17,18,3,4,5,6,7,9,National"
Hurricane Florence (September 2018),Tropical Cyclone,20180913,20180916,30000.0,24000.0,53,"NC,SC","12,13,14,15,National"
Hurricane Michael (October 2018),Tropical Cyclone,20181010,20181011,31218.8,24975.0,49,"AL,FL,GA","1,4,National"
Southwest/Southern Plains Drought (Summer-Fall 2018),Drought,20180601,20181230,3797.4,2990.0,0,"AK,AL,AR,AZ,CA,CO,FL,GA,HI,ID,KS,KY,LA,MS,MT,NC,ND,NE,NM,NV,OK,OR,SC,SD,TN,TX,UT,VA,WA,WY","1,10,11,12,13,14,15,16,17,18,2,3,4,5,6,7,9,National"
"Western Wildfires, California Firestorm (Summer-Fall 2018)",Wildfire,20180601,20181231,30000.0,24000.0,106,"AK,AZ,CA,CO,HI,ID,MT,NM,NV,OR,UT,WA,WY","1,10,11,14,17,18,2,3,4,5,9,National"
"Southeast, Ohio Valley and Northeast Severe Weather (February 2019)",Severe Storm,20190223,20190225,1547.2,1237.5,2,"AL,AR,CT,DE,FL,GA,IL,IN,KY,LA,MA,MD,ME,MO,MS,NC,NH,NJ,NY,OH,OK,PA,RI,SC,TN,TX,VA,VT,WV","1,10,11,12,13,14,15,16,17,18,2,3,4,5,6,7,8,9,National"
Texas Hail Storm (March 2019),Severe Storm,20190322,20190324,1903.4,1535.0,0,TX,"16,17,National"
Missouri River and North Central Flooding (March 2019),Flooding,20190314,20190331,13408.9,10727.0,3,"IA,IL,IN,KS,MI,MN,MO,ND,NE,OH,OK,SD,TX,WI","10,13,14,15,16,17,18,5,6,7,8,9,National"
Southern and Eastern Tornadoes and Severe Weather (April 2019),Severe Storm,20190413,20190414,1540.0,1252.0,7,"AL,AR,CT,DE,FL,GA,KY,LA,MA,MD,ME,MS,NC,NH,NJ,NY,OK,PA,RI,SC,TN,TX,VA,VT,WV","1,10,11,12,13,14,15,16,17,18,2,3,4,7,8,9,National"
South and Southeast Severe Weather (May 2019),Severe Storm,20190507,20190513,1862.4,1514.0,0,"AL,AR,CT,DE,FL,GA,KY,LA,MA,MD,ME,MS,NC,NH,NJ,NY,OK,PA,RI,SC,TN,TX,VA,VT,WV","1,10,11,12,13,14,15,16,17,18,2,3,4,7,8,9,National"
Central Severe Weather (May 2019),Severe Storm,20190516,20190518,1196.9,973.0,0,"IA,IL,IN,KS,MI,MN,MO,ND,NE,OH,OK,SD,TX,WI","10,13,14,15,16,17,18,5,6,7,8,9,National"
"Rockies, Central and Northeast Tornadoes and Severe Weather (May 2019)",Severe Storm,20190526,20190529,5655.6,4598.0,3,"CO,CT,DE,FL,GA,IA,ID,IL,IN,KS,MA,MD,ME,MI,MN,MO,MT,NC,ND,NE,NH,NJ,NY,OH,OK,PA,RI,SC,SD,TX,UT,VA,VT,WI,WV,WY","10,11,12,13,14,15,16,17,18,3,4,5,6,7,8,9,National"
Arkansas River Flooding (June 2019),Flooding,20190520,20190614,3720.8,3025.0,5,AR,"2,National"
Colorado Hail Storms (July 2019),Severe Storm,20190704,20190705,1239.8,1008.0,0,CO,"3,National"
"Mississippi River, Midwest and Southern Flooding (July 2019)",Flooding,20190315,20190731,7649.6,6169.0,4,"AK,AL,AR,AZ,CA,CO,FL,GA,HI,IA,ID,IL,IN,KS,KY,LA,MI,MN,MO,MS,MT,NC,ND,NE,NM,NV,OH,OK,OR,SC,SD,TN,TX,UT,VA,WA,WI,WY","1,10,11,12,13,14,15,16,17,18,2,3,4,5,6,7,8,9,National"
Hurricane Dorian (September 2019),Tropical Cyclone,20190828,20190906,1980.3,1610.0,10,"NC,SC","12,13,14,15,National"
Tropical Storm Imelda (September 2019),Tropical Cyclone,20190917,20190921,6150.0,5000.0,5,TX,"16,17,National"
Texas Tornadoes and Central Severe Weather (October 2019),Severe Storm,20191020,20191020,2113.1,1718.0,2,"IA,IL,IN,KS,MI,MN,MO,ND,NE,OH,OK,SD,TX,WI","10,13,14,15,16,17,18,5,6,7,8,9,National"
California and Alaska Wildfires (Summer-Fall 2019),Wildfire,20190601,20191130,5535.0,4500.0,3,CA,"2,3,National"
Southeast Tornadoes and Northern Storms and Flooding (January 2020),Severe Storm,20200110,20200112,1401.8,1149.0,10,"AL,AR,CT,DE,FL,GA,ID,KY,LA,MA,MD,ME,MI,MN,MS,MT,NC,ND,NH,NJ,NY,OK,PA,RI,SC,TN,TX,VA,VT,WA,WI,WV","1,10,11,12,13,14,15,16,17,18,2,3,4,5,7,8,9,National"
"South, East and Northeast Severe Weather (February 2020)",Severe Storm,20200205,20200207,1532.2,1256.0,3,"AL,AR,CT,DE,FL,GA,KY,LA,MA,MD,ME,MS,NC,NH,NJ,NY,OK,PA,RI,SC,TN,TX,VA,VT,WV","1,10,11,12,13,14,15,16,17,18,2,3,4,7,8,9,National"
Tennessee Tornadoes and Southeast Severe Weather (March 2020),Severe Storm,20200302,20200304,2850.0,2336.0,25,"AL,AR,CT,DE,FL,GA,KY,LA,MA,MD,ME,MS,NC,NH,NJ,NY,OK,PA,RI,SC,TN,TX,VA,VT,WV","1,10,11,12,13,14,15,16,17,18,2,3,4,7,8,9,National"
Midwest and Ohio Valley Severe Weather (March 2020),Severe Storm,20200327,20200328,3120.9,2558.0,0,"AK,AZ,CA,CO,HI,IA,ID,IL,IN,KS,KY,MI,MN,MO,MT,ND,NE,NM,NV,OH,OR,SD,TN,UT,WA,WI,WV,WY","1,10,11,13,14,15,16,17,18,2,3,4,5,6,7,8,9,National"
North Central and Ohio Valley Hail Storms and Severe Weather (April 2020),Severe Storm,20200407,20200408,3543.9,2881.0,0,"IA,IL,IN,KS,KY,MI,MN,MO,ND,NE,OH,OK,SD,TN,TX,WI,WV","10,13,14,15,16,17,18,5,6,7,8,9,National"
Southeast and Eastern Tornado Outbreak (April 2020),Severe Storm,20200412,20200413,4236.2,3444.0,35,"AL,AR,CT,DE,FL,GA,KY,LA,MA,MD,ME,MS,NC,NH,NJ,NY,OK,PA,RI,SC,TN,TX,VA,VT,WV","1,10,11,12,13,14,15,16,17,18,2,3,4,7,8,9,National"
Southern Severe Weather (April 2020),Severe Storm,20200421,20200423,1660.6,1350.0,3,"AL,AR,FL,GA,KY,LA,MS,NC,OK,SC,TN,TX,VA","1,12,13,14,15,16,17,18,2,4,7,9,National"
"Central, Southern and Eastern Severe Weather (April 2020)",Severe Storm,20200427,20200430,1263.3,1027.0,1,"AL,AR,CT,DE,FL,GA,IA,IL,IN,KS,KY,LA,MA,MD,ME,MI,MN,MO,MS,NC,ND,NE,NH,NJ,NY,OH,OK,PA,RI,SC,SD,TN,TX,VA,VT,WI,WV","1,10,11,12,13,14,15,16,17,18,2,3,4,5,6,7,8,9,National"
Central and Eastern Severe Weather (May 2020),Severe Storm,20200503,20200505,2598.9,2113.0,2,"CT,DE,FL,GA,IA,IL,IN,KS,MA,MD,ME,MI,MN,MO,NC,ND,NE,NH,NJ,NY,OH,OK,PA,RI,SC,SD,TX,VA,VT,WI,WV","10,11,12,13,14,15,16,17,18,3,4,5,6,7,8,9,National"
"South, Central and Eastern Severe Weather (May 2020)",Severe Storm,20200520,20200523,1948.6,1584.0,2,"AL,AR,CT,DE,FL,GA,IA,IL,IN,KS,KY,LA,MA,MD,ME,MI,MN,MO,MS,NC,ND,NE,NH,NJ,NY,OH,OK,PA,RI,SC,SD,TN,TX,VA,VT,WI,WV","1,10,11,12,13,14,15,16,17,18,2,3,4,5,6,7,8,9,National"
South Texas Hail Storms (May 2020),Severe Storm,20200527,20200527,1722.0,1400.0,0,"AL,AR,FL,GA,KY,LA,MS,NC,OK,SC,TN,TX,VA","1,12,13,14,15,16,17,18,2,4,7,9,National"
Central Severe Weather (July 2020),Severe Storm,20200710,20200711,1459.1,1196.0,0,"IA,IL,IN,KS,MI,MN,MO,ND,NE,OH,OK,SD,TX,WI","10,13,14,15,16,17,18,5,6,7,8,9,National"
Hurricane Hanna (July 2020),Tropical Cyclone,20200725,20200726,1300.8,1075.0,0,TX,"16,17,National"
Hurricane Isaias (August 2020),Tropical Cyclone,20200803,20200804,5756.1,4757.0,16,"CT,FL,MA,NC,NJ,NY,PA,SC","10,11,12,13,14,15,3,4,7,8,National"
Central Severe Weather - Derecho (August 2020),Severe Storm,20200810,20200810,13452.9,11027.0,4,"IA,IL,IN,KS,MI,MN,MO,ND,NE,OH,OK,SD,TX,WI","10,13,14,15,16,17,18,5,6,7,8,9,National"
Hurricane Laura (August 2020),Tropical Cyclone,20200827,20200828,28090.3,23215.0,42,"LA,TX","16,17,7,National"
Hurricane Sally (September 2020),Tropical Cyclone,20200915,20200917,8801.5,7274.0,5,"AL,FL","1,4,National"
Hurricane Delta (October 2020),Tropical Cyclone,20201009,20201011,3469.3,2867.0,5,LA,"7,National"
Hurricane Zeta (October 2020),Tropical Cyclone,20201028,20201029,5266.0,4352.0,6,"AL,GA,LA,MS","1,4,7,9,National"
Tropical Storm Eta (November 2020),Tropical Cyclone,20201108,20201112,1766.7,1460.0,12,FL,"4,National"
"Western Wildfires - California, Oregon, Washington Firestorms (Fall 2020)",Wildfire,20200801,20201230,19904.5,16450.0,46,"AK,AZ,CA,CO,HI,ID,MT,NM,NV,OR,UT,WA,WY","1,10,11,14,17,18,2,3,4,5,9,National"
Western/Central Drought and Heat Wave (Summer-Fall 2020),Drought,20200601,20201230,5439.1,4495.0,45,"AK,AZ,CA,CO,HI,IA,ID,IL,IN,KS,MI,MN,MO,MT,ND,NE,NM,NV,OH,OK,OR,SD,TX,UT,WA,WI,WY","1,10,11,13,14,15,16,17,18,2,3,4,5,6,7,8,9,National"
California Flooding and Severe Weather (January 2021),Flooding,20210124,20210129,1325.0,1095.0,2,CA,"2,3,National"
"Northwest, Central, Eastern Winter Storm and Cold Wave (February 2021)",Winter Storm,20210210,20210219,27223.2,22686.0,262,"AK,AZ,CA,CO,CT,DE,FL,GA,HI,IA,ID,IL,IN,KS,MA,MD,ME,MI,MN,MO,MT,NC,ND,NE,NH,NJ,NM,NV,NY,OH,OK,OR,PA,RI,SC,SD,TX,UT,VA,VT,WA,WI,WV,WY","1,10,11,12,13,14,15,16,17,18,2,3,4,5,6,7,8,9,National"
Southeast Tornadoes and Severe Weather (March 2021),Severe Storm,20210324,20210325,1995.8,1677.0,6,"AL,AR,CT,DE,FL,GA,KY,LA,MA,MD,ME,MS,NC,NH,NJ,NY,OK,PA,RI,SC,TN,TX,VA,VT,WV","1,10,11,12,13,14,15,16,17,18,2,3,4,7,8,9,National"
Eastern Severe Weather (March 2021),Severe Storm,20210327,20210328,1601.9,1346.0,8,"CT,DE,FL,GA,MA,MD,ME,NC,NH,NJ,NY,PA,RI,SC,VA,VT,WV","10,11,12,13,14,15,17,18,3,4,7,8,National"
Texas Hail Storms (April 2021),Severe Storm,20210412,20210415,1755.3,1475.0,0,TX,"16,17,National"
Texas and Oklahoma Severe Weather (April 2021),Severe Storm,20210427,20210428,3747.4,3149.0,0,TX,"16,17,National"
Southern Tornadoes and Southeast Severe Weather (May 2021),Severe Storm,20210502,20210504,1479.1,1264.0,4,"AL,AR,CT,DE,FL,GA,KY,LA,MA,MD,ME,MS,NC,NH,NJ,NY,OK,PA,RI,SC,TN,TX,VA,VT,WV","1,10,11,12,13,14,15,16,17,18,2,3,4,7,8,9,National"
Louisiana Flooding (May 2021),Flooding,20210517,20210518,1569.6,1319.0,5,LA,"7,National"
Ohio Valley Hail Storms (June 2021),Severe Storm,20210617,20210618,1980.1,1707.0,0,"IL,IN,KY,MO,OH,TN,WV","13,14,15,16,18,5,6,7,9,National"
Central Severe Storms (June 2021),Severe Storm,20210624,20210626,1453.6,1253.0,0,"IA,IL,IN,KS,MI,MN,MO,ND,NE,OH,OK,SD,TX,WI","10,13,14,15,16,17,18,5,6,7,8,9,National"
Tropical Storm Elsa (July 2021),Tropical Cyclone,20210707,20210709,1407.1,1213.0,1,"FL,GA,NC,SC","12,13,14,15,4,National"
Central Severe Storms (July 2021),Severe Storm,20210708,20210711,1252.8,1080.0,0,"IA,IL,IN,KS,MI,MN,MO,ND,NE,OH,OK,SD,TX,WI","10,13,14,15,16,17,18,5,6,7,8,9,National"
North Central Severe Weather (August 2021),Severe Storm,20210810,20210813,1489.5,1284.0,2,"IA,IL,IN,KS,MI,MN,MO,ND,NE,OH,OK,SD,TX,WI","10,13,14,15,16,17,18,5,6,7,8,9,National"
Tropical Storm Fred (August 2021),Tropical Cyclone,20210816,20210818,1481.3,1277.0,7,"AL,FL,GA,NC","1,12,13,4,National"
Hurricane Ida (August 2021),Tropical Cyclone,20210829,20210901,84608.1,73572.0,96,"CT,LA,MS,NJ,NY,PA","10,11,12,14,15,3,7,9,National"
Hurricane Nicholas (September 2021),Tropical Cyclone,20210914,20210918,1168.5,1016.0,0,"LA,TX","16,17,7,National"
"Southeast, Central Tornado Outbreak (December 2021)",Severe Storm,20211210,20211210,4463.1,3915.0,93,"AL,AR,CT,DE,FL,GA,IA,IL,IN,KS,KY,LA,MA,MD,ME,MI,MN,MO,MS,NC,ND,NE,NH,NJ,NY,OH,OK,PA,RI,SC,SD,TN,TX,VA,VT,WI,WV","1,10,11,12,13,14,15,16,17,18,2,3,4,5,6,7,8,9,National"
Midwest Derecho and Tornado Outbreak (December 2021),Severe Storm,20211215,20211215,2031.5,1782.0,1,"AK,AZ,CA,CO,HI,IA,ID,IL,IN,KS,MI,MN,MO,MT,ND,NE,NM,NV,OH,OR,SD,UT,WA,WI,WY","1,10,11,13,14,15,17,18,2,3,4,5,6,7,8,9,National"
Western Wildfires (2021),Wildfire,20210601,20211231,12064.0,10400.0,8,"AK,AZ,CA,CO,HI,ID,MT,NM,NV,OR,UT,WA,WY","1,10,11,14,17,18,2,3,4,5,9,National"
Western Drought and Heat Wave (2021),Drought,20210101,20211231,10201.9,8431.0,229,"AK,AZ,CA,CO,HI,ID,MT,NM,NV,OR,UT,WA,WY","1,10,11,14,17,18,2,3,4,5,9,National"
Texas Hail Storms (February 2022),Severe Storm,20220221,20220222,1118.9,1008.0,0,TX,"16,17,National"
Southern Tornado Outbreak (March 2022),Severe Storm,20220330,20220330,1381.6,1256.0,2,"AL,AR,FL,GA,KY,LA,MS,NC,OK,SC,TN,TX,VA","1,12,13,14,15,16,17,18,2,4,7,9,National"
Southeast Tornado Outbreak (April 2022),Severe Storm,20220404,20220406,1544.8,1417.0,3,"AL,AR,CT,DE,FL,GA,KY,LA,MA,MD,ME,MS,NC,NH,NJ,NY,OK,PA,RI,SC,TN,TX,VA,VT,WV","1,10,11,12,13,14,15,16,17,18,2,3,4,7,8,9,National"
Southern Severe Weather (April 2022),Severe Storm,20220411,20220413,2915.7,2675.0,1,"AL,AR,FL,GA,KY,LA,MS,NC,OK,SC,TN,TX,VA","1,12,13,14,15,16,17,18,2,4,7,9,National"
Southern and Central Severe Weather (May 2022),Severe Storm,20220501,20220503,1230.1,1139.0,1,"AL,AR,FL,GA,IA,IL,IN,KS,KY,LA,MI,MN,MO,MS,NC,ND,NE,OH,OK,SC,SD,TN,TX,VA,WI","1,10,12,13,14,15,16,17,18,2,4,5,6,7,8,9,National"
North Central Hail Storms (May 2022),Severe Storm,20220509,20220509,2354.4,2160.0,0,"IA,IL,IN,KS,MI,MN,MO,ND,NE,OH,OK,SD,TX,WI","10,13,14,15,16,17,18,5,6,7,8,9,National"
North Central Severe Weather (May 2022),Severe Storm,20220511,20220512,2949.6,2706.0,1,"IA,IL,IN,KS,MI,MN,MO,ND,NE,OH,OK,SD,TX,WI","10,13,14,15,16,17,18,5,6,7,8,9,National"
North Central Hail Storms (May 2022),Severe Storm,20220519,20220519,2625.4,2431.0,0,"IA,IL,IN,KS,MI,MN,MO,ND,NE,OH,OK,SD,TX,WI","10,13,14,15,16,17,18,5,6,7,8,9,National"
Central Severe Weather (June 2022),Severe Storm,20220607,20220608,2025.7,1911.0,0,"IA,IL,IN,KS,MI,MN,MO,ND,NE,OH,OK,SD,TX,WI","10,13,14,15,16,17,18,5,6,7,8,9,National"
Central Derecho (June 2022),Severe Storm,20220613,20220613,3386.6,3195.0,1,"IA,IL,IN,KS,MI,MN,MO,ND,NE,OH,OK,SD,TX,WI","10,13,14,15,16,17,18,5,6,7,8,9,National"
North Central and Eastern Severe Weather (July 2022),Severe Storm,20220722,20220724,1420.4,1340.0,1,"CT,DE,FL,GA,IA,IL,IN,KS,MA,MD,ME,MI,MN,MO,NC,ND,NE,NH,NJ,NY,OH,OK,PA,RI,SC,SD,TX,VA,VT,WI,WV","10,11,12,13,14,15,16,17,18,3,4,5,6,7,8,9,National"
Kentucky and Missouri Flooding (July 2022),Flooding,20220726,20220728,1552.9,1465.0,42,"KY,MO","7,9,National"
Hurricane Fiona (September 2022),Tropical Cyclone,20220917,20220918,2685.7,2510.0,25,PR,"15,National"
Hurricane Ian (September 2022),Tropical Cyclone,20220928,20220930,119626.0,111800.0,152,"FL,SC","14,15,4,National"
Hurricane Nicole (November 2022),Tropical Cyclone,20221110,20221111,1081.2,1020.0,5,FL,"4,National"
Western Wildfires (Spring-Fall 2022),Wildfire,20220401,20221130,3296.6,3110.0,17,"AK,AZ,CA,CO,HI,ID,MT,NM,NV,OR,UT,WA,WY","1,10,11,14,17,18,2,3,4,5,9,National"
Central and Eastern Winter Storm and Cold Wave (December 2022),Winter Storm,20221221,20221226,8951.7,8445.0,87,"CT,DE,FL,GA,IA,IL,IN,KS,MA,MD,ME,MI,MN,MO,NC,ND,NE,NH,NJ,NY,OH,OK,PA,RI,SC,SD,TX,VA,VT,WI,WV","10,11,12,13,14,15,16,17,18,3,4,5,6,7,8,9,National"
Western/Central Drought and Heat Wave (2022),Drought,20220101,20221231,23480.6,20965.0,136,"AK,AZ,CA,CO,HI,IA,ID,IL,IN,KS,MI,MN,MO,MT,ND,NE,NM,NV,OH,OK,OR,SD,TX,UT,WA,WI,WY","1,10,11,13,14,15,16,17,18,2,3,4,5,6,7,8,9,National"
Northeastern Winter Storm/Cold Wave (February 2023),Winter Storm,20230202,20230205,1838.8,1751.0,1,"CT,DE,FL,GA,MA,MD,ME,NC,NH,NJ,NY,PA,RI,SC,VA,VT,WV","10,11,12,13,14,15,17,18,3,4,7,8,National"
Southern and Eastern Severe Weather (March 2023),Severe Storm,20230302,20230303,6170.0,5876.0,13,"AL,AR,CT,DE,FL,GA,KY,LA,MA,MD,ME,MS,NC,NH,NJ,NY,OK,PA,RI,SC,TN,TX,VA,VT,WV","1,10,11,12,13,14,15,16,17,18,2,3,4,7,8,9,National"
California Flooding (December 2022 - March 2023),Flooding,20221226,20230319,4725.0,4500.0,22,CA,"2,3,National"
Southern and Eastern Severe Weather (April 2023),Severe Storm,20230324,20230326,2956.0,2815.0,23,"AL,AR,CT,DE,FL,GA,KY,LA,MA,MD,ME,MS,NC,NH,NJ,NY,OK,PA,RI,SC,TN,TX,VA,VT,WV","1,10,11,12,13,14,15,16,17,18,2,3,4,7,8,9,National"
Central Tornado Outbreak and Eastern Severe Weather (March 2023),Severe Storm,20230331,20230401,5909.8,5628.0,33,"CT,DE,FL,GA,IA,IL,IN,KS,MA,MD,ME,MI,MN,MO,NC,ND,NE,NH,NJ,NY,OH,OK,PA,RI,SC,SD,TX,VA,VT,WI,WV","10,11,12,13,14,15,16,17,18,3,4,5,6,7,8,9,National"
Central and Eastern Severe Weather (April 2023),Severe Storm,20230404,20230406,2956.1,2815.0,5,"CT,DE,FL,GA,IA,IL,IN,KS,MA,MD,ME,MI,MN,MO,NC,ND,NE,NH,NJ,NY,OH,OK,PA,RI,SC,SD,TX,VA,VT,WI,WV","10,11,12,13,14,15,16,17,18,3,4,5,6,7,8,9,National"
Fort Lauderdale Flash Flood (April 2023),Flooding,20230412,20230413,1144.0,1100.0,0,FL,"4,National"
Central and Southern Severe Weather (April 2023),Severe Storm,20230415,20230415,1401.9,1335.0,0,"AL,AR,FL,GA,IA,IL,IN,KS,KY,LA,MI,MN,MO,MS,NC,ND,NE,OH,OK,SC,SD,TN,TX,VA,WI","1,10,12,13,14,15,16,17,18,2,4,5,6,7,8,9,National"
Central Severe Weather (April 2023),Severe Storm,20230419,20230420,3108.3,2960.0,1,"IA,IL,IN,KS,MI,MN,MO,ND,NE,OH,OK,SD,TX,WI","10,13,14,15,16,17,18,5,6,7,8,9,National"
Southern Severe Weather (April 2023),Severe Storm,20230425,20230427,1372.8,1320.0,0,"AL,AR,FL,GA,KY,LA,MS,NC,OK,SC,TN,TX,VA","1,12,13,14,15,16,17,18,2,4,7,9,National"
Central Severe Weather (May 2023),Severe Storm,20230506,20230508,2222.5,2137.0,1,"IA,IL,IN,KS,MI,MN,MO,ND,NE,OH,OK,SD,TX,WI","10,13,14,15,16,17,18,5,6,7,8,9,National"
Central and Eastern Tornadoes and Hail Storms (May 2023),Severe Storm,20230510,20230512,3563.0,3426.0,1,"CT,DE,FL,GA,IA,IL,IN,KS,MA,MD,ME,MI,MN,MO,NC,ND,NE,NH,NJ,NY,OH,OK,PA,RI,SC,SD,TX,VA,VT,WI,WV","10,11,12,13,14,15,16,17,18,3,4,5,6,7,8,9,National"
Texas Hail Storms (May 2023),Severe Storm,20230518,20230519,1690.0,1625.0,0,TX,"16,17,National"
Typhoon Mawar (May 2023),Tropical Cyclone,20230524,20230525,4420.0,4250.0,2,GU,National
Southern Severe Weather (June 2023),Severe Storm,20230611,20230614,4193.2,4032.0,0,"AL,AR,FL,GA,KY,LA,MS,NC,OK,SC,TN,TX,VA","1,12,13,14,15,16,17,18,2,4,7,9,National"
Central and Southern Severe Weather (June 2023),Severe Storm,20230615,20230618,3918.7,3768.0,5,"AL,AR,FL,GA,IA,IL,IN,KS,KY,LA,MI,MN,MO,MS,NC,ND,NE,OH,OK,SC,SD,TN,TX,VA,WI","1,10,12,13,14,15,16,17,18,2,4,5,6,7,8,9,National"
Rockies Hail Storms and Central and Eastern Severe Weather (June 2023),Severe Storm,20230621,20230626,5453.9,5244.0,8,"CO,CT,DE,FL,GA,IA,ID,IL,IN,KS,MA,MD,ME,MI,MN,MO,MT,NC,ND,NE,NH,NJ,NY,OH,OK,PA,RI,SC,SD,TX,UT,VA,VT,WI,WV,WY","10,11,12,13,14,15,16,17,18,3,4,5,6,7,8,9,National"
Central Severe Weather (June 2023),Severe Storm,20230628,20230702,1976.8,1919.0,3,"IA,IL,IN,KS,MI,MN,MO,ND,NE,OH,OK,SD,TX,WI","10,13,14,15,16,17,18,5,6,7,8,9,National"
Northeastern Flooding and North Central Severe Weather (July 2023),Flooding,20230709,20230715,2230.4,2165.0,10,"CT,DE,FL,GA,IA,IL,IN,KS,MA,MD,ME,MI,MN,MO,NC,ND,NE,NH,NJ,NY,OH,OK,PA,RI,SC,SD,TX,VA,VT,WI,WV","10,11,12,13,14,15,16,17,18,3,4,5,6,7,8,9,National"
North Central and Southeastern Severe Weather (July 2023),Severe Storm,20230719,20230721,1887.0,1832.0,1,"AL,AR,CT,DE,FL,GA,IA,IL,IN,KS,KY,LA,MA,MD,ME,MI,MN,MO,MS,NC,ND,NE,NH,NJ,NY,OH,OK,PA,RI,SC,SD,TN,TX,VA,VT,WI,WV","1,10,11,12,13,14,15,16,17,18,2,3,4,5,6,7,8,9,National"
North Central and Eastern Severe Weather (July 2023),Severe Storm,20230728,20230729,1526.6,1482.0,2,"CT,DE,FL,GA,IA,IL,IN,KS,MA,MD,ME,MI,MN,MO,NC,ND,NE,NH,NJ,NY,OH,OK,PA,RI,SC,SD,TX,VA,VT,WI,WV","10,11,12,13,14,15,16,17,18,3,4,5,6,7,8,9,National"
Hawaii Firestorm (August 2023),Wildfire,20230808,20230808,5665.0,5500.0,100,HI,"4,National"
Northeastern and Eastern Severe Weather (August 2023),Severe Storm,20230805,20230808,1680.2,1631.0,4,"CT,DE,FL,GA,MA,MD,ME,NC,NH,NJ,NY,PA,RI,SC,VA,VT,WV","10,11,12,13,14,15,17,18,3,4,7,8,National"
Minnesota Hail Storms (August 2023),Severe Storm,20230811,20230811,1828.3,1775.0,0,MN,"8,9,National"
Hurricane Idalia (August 2023),Tropical Cyclone,20230829,20230831,3559.7,3456.0,5,"FL,GA,NC,SC","12,13,14,15,4,National"
Southern Hail Storms (September 2023),Severe Storm,20230923,20230924,1694.5,1645.0,0,"AL,AR,FL,GA,KY,LA,MS,NC,OK,SC,TN,TX,VA","1,12,13,14,15,16,17,18,2,4,7,9,National"
Southern/Midwestern Drought and Heatwave (Spring-Fall 2023),Drought,20230401,20230930,14786.7,14082.0,247,"AK,AL,AR,AZ,CA,CO,FL,GA,HI,IA,ID,IL,IN,KS,KY,LA,MI,MN,MO,MS,MT,NC,ND,NE,NM,NV,OH,OK,OR,SC,SD,TN,TX,UT,VA,WA,WI,WY","1,10,11,12,13,14,15,16,17,18,2,3,4,5,6,7,8,9,National"
East Coast Storm and Flooding (December 2023),Flooding,20231216,20231218,1314.4,1276.0,5,"CT,DE,FL,GA,MA,MD,ME,NC,NH,NJ,NY,PA,RI,SC,VA,VT,WV","10,11,12,13,14,15,17,18,3,4,7,8,National"
Southern Tornado Outbreak and East Coast Storm (January 2024),Severe Storm,20240108,20240110,2780.2,2726.0,3,"AL,AR,CT,DE,FL,GA,KY,LA,MA,MD,ME,MS,NC,NH,NJ,NY,OK,PA,RI,SC,TN,TX,VA,VT,WV","1,10,11,12,13,14,15,16,17,18,2,3,4,7,8,9,National"
Northwest Winter Storm (January 2024),Winter Storm,20240112,20240114,1723.8,1690.0,20,"AK,AZ,CA,CO,HI,ID,MT,NM,NV,OR,UT,WA,WY","1,10,11,14,17,18,2,3,4,5,9,National"
"Central, Southern, Northeastern Winter Storm and Cold Wave (January 2024)",Winter Storm,20240114,20240118,1948.3,1910.0,41,"AL,AR,CT,DE,FL,GA,IA,IL,IN,KS,KY,LA,MA,MD,ME,MI,MN,MO,MS,NC,ND,NE,NH,NJ,NY,OH,OK,PA,RI,SC,SD,TN,TX,VA,VT,WI,WV","1,10,11,12,13,14,15,16,17,18,2,3,4,5,6,7,8,9,National"
Southern Severe Weather (February 2024),Severe Storm,20240210,20240212,1072.0,1051.0,0,"AL,AR,FL,GA,KY,LA,MS,NC,OK,SC,TN,TX,VA","1,12,13,14,15,16,17,18,2,4,7,9,National"
Central and Eastern Severe Weather (February 2024),Severe Storm,20240227,20240228,1534.0,1504.0,0,"CT,DE,FL,GA,IA,IL,IN,KS,MA,MD,ME,MI,MN,MO,NC,ND,NE,NH,NJ,NY,OH,OK,PA,RI,SC,SD,TX,VA,VT,WI,WV","10,11,12,13,14,15,16,17,18,3,4,5,6,7,8,9,National"
Central and Southern Severe Weather (March 2024),Severe Storm,20240312,20240314,6151.6,6031.0,3,"AL,AR,FL,GA,IA,IL,IN,KS,KY,LA,MI,MN,MO,MS,NC,ND,NE,OH,OK,SC,SD,TN,TX,VA,WI","1,10,12,13,14,15,16,17,18,2,4,5,6,7,8,9,National"
Central Tornado Outbreak and Eastern Severe Weather (April 2024),Severe Storm,20240401,20240403,2465.5,2441.0,3,"CT,DE,FL,GA,IA,IL,IN,KS,MA,MD,ME,MI,MN,MO,NC,ND,NE,NH,NJ,NY,OH,OK,PA,RI,SC,SD,TX,VA,VT,WI,WV","10,11,12,13,14,15,16,17,18,3,4,5,6,7,8,9,National"
Southern and Eastern Severe Weather (April 2024),Severe Storm,20240408,20240411,2725.1,2698.0,0,"AL,AR,CT,DE,FL,GA,KY,LA,MA,MD,ME,MS,NC,NH,NJ,NY,OK,PA,RI,SC,TN,TX,VA,VT,WV","1,10,11,12,13,14,15,16,17,18,2,3,4,7,8,9,National"
Central and Southern Tornado Outbreak (April 2024),Severe Storm,20240426,20240428,1697.8,1681.0,3,"AL,AR,FL,GA,IA,IL,IN,KS,KY,LA,MI,MN,MO,MS,NC,ND,NE,OH,OK,SC,SD,TN,TX,VA,WI","1,10,12,13,14,15,16,17,18,2,4,5,6,7,8,9,National"
"Central, Southern, Southeastern Tornado Outbreak (May 2024)",Severe Storm,20240506,20240509,6571.0,6571.0,3,"AL,AR,CT,DE,FL,GA,IA,IL,IN,KS,KY,LA,MA,MD,ME,MI,MN,MO,MS,NC,ND,NE,NH,NJ,NY,OH,OK,PA,RI,SC,SD,TN,TX,VA,VT,WI,WV","1,10,11,12,13,14,15,16,17,18,2,3,4,5,6,7,8,9,National"
Southern Severe Weather (May 2024),Severe Storm,20240511,20240513,1124.0,1124.0,1,"AL,AR,FL,GA,KY,LA,MS,NC,OK,SC,TN,TX,VA","1,12,13,14,15,16,17,18,2,4,7,9,National"
Southern Derecho (May 2024),Severe Storm,20240516,20240517,1551.0,1551.0,8,"AL,AR,FL,GA,KY,LA,MS,NC,OK,SC,TN,TX,VA","1,12,13,14,15,16,17,18,2,4,7,9,National"
"Central, Southern, Eastern Severe Weather (May 2024)",Severe Storm,20240518,20240522,4907.8,4859.0,5,"AL,AR,CT,DE,FL,GA,IA,IL,IN,KS,KY,LA,MA,MD,ME,MI,MN,MO,MS,NC,ND,NE,NH,NJ,NY,OH,OK,PA,RI,SC,SD,TN,TX,VA,VT,WI,WV","1,10,11,12,13,14,15,16,17,18,2,3,4,5,6,7,8,9,National"
Central Tornado Outbreak (May 2024),Severe Storm,20240525,20240526,3466.4,3432.0,16,"IA,IL,IN,KS,MI,MN,MO,ND,NE,OH,OK,SD,TX,WI","10,13,14,15,16,17,18,5,6,7,8,9,National"
Texas Hail Storms (May 2024),Severe Storm,20240527,20240528,2348.3,2325.0,1,TX,"16,17,National"
Colorado Hail Storms and Southern Severe Weather (May 2024),Severe Storm,20240531,20240601,3012.8,2983.0,0,"AL,AR,CO,FL,GA,KY,LA,MS,NC,OK,SC,TN,TX,VA","1,12,13,14,15,16,17,18,2,3,4,7,9,National"
Central and Eastern Severe Weather (June 2024),Severe Storm,20240612,20240614,1228.0,1228.0,0,"CT,DE,FL,GA,IA,IL,IN,KS,MA,MD,ME,MI,MN,MO,NC,ND,NE,NH,NJ,NY,OH,OK,PA,RI,SC,SD,TX,VA,VT,WI,WV","10,11,12,13,14,15,16,17,18,3,4,5,6,7,8,9,National"
Upper Midwest Flooding (June 2024),Flooding,20240616,20240623,1113.0,1113.0,4,"AK,AZ,CA,CO,HI,IA,ID,IL,IN,KS,MI,MN,MO,MT,ND,NE,NM,NV,OH,OR,SD,UT,WA,WI,WY","1,10,11,13,14,15,17,18,2,3,4,5,6,7,8,9,National"
Central and Northeast Severe Weather (June 2024),Severe Storm,20240624,20240626,1704.0,1704.0,3,"CT,DE,FL,GA,IA,IL,IN,KS,MA,MD,ME,MI,MN,MO,NC,ND,NE,NH,NJ,NY,OH,OK,PA,RI,SC,SD,TX,VA,VT,WI,WV","10,11,12,13,14,15,16,17,18,3,4,5,6,7,8,9,National"
New Mexico Wildfires (June 2024),Wildfire,20240617,20240707,1780.0,1780.0,2,NM,"11,National"
Hurricane Beryl (July 2024),Tropical Cyclone,20240708,20240708,7219.0,7219.0,46,TX,"16,17,National"
Central and Eastern Tornado Outbreak and Severe Weather (July 2024),Severe Storm,20240713,20240716,2435.0,2435.0,2,"CT,DE,FL,GA,IA,IL,IN,KS,MA,MD,ME,MI,MN,MO,NC,ND,NE,NH,NJ,NY,OH,OK,PA,RI,SC,SD,TX,VA,VT,WI,WV","10,11,12,13,14,15,16,17,18,3,4,5,6,7,8,9,National"
Hurricane Debby (August 2024),Tropical Cyclone,20240805,20240809,2476.0,2476.0,17,"FL,GA,NC,SC","12,13,14,15,4,National"
Hurricane Francine (September 2024),Tropical Cyclone,20240911,20240912,1291.0,1291.0,0,LA,"7,National"
Hurricane Helene (September 2024),Tropical Cyclone,20240924,20240929,78721.0,78721.0,219,"FL,GA,NC,SC,TN,VA","12,13,14,15,16,17,18,4,National"
Hurricane Milton (October 2024),Tropical Cyclone,20241009,20241010,34250.0,34250.0,32,FL,"4,National"
Southern/Eastern/Northwestern Drought and Heat Wave (2024),Drought,20240101,20241231,5417.0,5311.0,136,"AK,AL,AR,AZ,CA,CO,CT,DE,FL,GA,HI,ID,KY,LA,MA,MD,ME,MS,MT,NC,NH,NJ,NM,NV,NY,OK,OR,PA,RI,SC,TN,TX,UT,VA,VT,WA,WV,WY","1,10,11,12,13,14,15,16,17,18,2,3,4,5,7,8,9,National"
